name,category,title
,ONC,AACOS-Float
,ONC,AACOS
,ONC,AD-ONC_Lung
,WH,ASR
,WH,CFS
,WH,CGS
,ONC,COS
,ONC,COS-HEM
,ONC,COS-ONC_GI
,ONC,COS-Skin
,ONC,COS_Lung
,ONC,COS_ONC_Breast
,ONC,COS_ONC_HN
,ONC,DM-ONC_GU
,WH,DM_WH
,WH,H-SAM
,WH,IVF
,OH,OHS_GN
,OH,RD-OH
,WH,RD-WH
,WH,ASR-FLOAT
,ONC,Director of Strategic Acc
,ONC,Patient Retention Specialist
,WH,"Sr Director, WH Strategic"
,ONC,AD-ONC_HEM
,ONC,AD-ONC_Skin
,WH,ASR-SR
,WH,CFS-Exec
,WH,CFS-SR
,ONC,COS-Exec
,ONC,COS-GU
,ONC,COS-GYN
,ONC,DM_Sig
,WH,IVF-SR
,ONC,RD-GYN-OS
,ONC,RD-OS
,ONC,RD-OS-SR
,ONC,SR-COS
,ONC,AD-OS_ONC_SPECIALTY
,OH,OHS_GN_SR
,ONC,RD-OS_ONC
,WH,RD-SR-HOSP
,OH,VP-OH
,WH,AD-SAM
,WH,AD-WH
,WH,AD_IVF
,WH,NAM
,WH,RD-HOSP
,ONC,RD_ONC_LPG
,ONC,"Sr Director, Strategic Accounts"
,ONC,VP-Oncology
,WH,VP-WH
,OH,OHS-HL
,WH,RD-IVF
,OH,RD-OH_HL_East
,OH,RD-OH_HL_West
,WH,RD-WH-SR
,OH,VP-OH-HL
,ONC,"Dir, Oncology Channel Co"
,ONC,Director of Oncology Collaborations
,WH,IVF-SAM
,OH,OHS_TX
,ONC,AD-ONC_Breast_CGS
,ONC,AD-ONC_GI
,ONC,AD-ONC_HN
,ONC,AD-OS
,ONC,RD-GU-OS
